{
  "timestamp": "2025-12-24T10:38:19.916783",
  "cluster_size": 2,
  "nodes": [
    "localhost (4x V100)",
    ".106 (RTX 5070)"
  ],
  "results": {
    "api_latency": {
      "localhost (4x V100)": {
        "min": 2.033710479736328,
        "max": 7.3184967041015625,
        "avg": 2.921605110168457,
        "median": 2.3932456970214844
      },
      ".106 (RTX 5070)": {
        "min": 43.051958084106445,
        "max": 2124.08447265625,
        "avg": 649.1884708404541,
        "median": 243.45874786376953
      }
    }
  }
}